<?xml version="1.0" encoding="UTF-8" ?>
<!DOCTYPE struts PUBLIC
	"-//Apache Software Foundation//DTD Struts Configuration 2.3//EN"
	"http://struts.apache.org/dtds/struts-2.3.dtd">
<struts>
	<!-- constant 定义项目常量 -->
	<constant name="struts.enable.DynamicMethodInvocation" value="true" />
	<constant name="struts.devMode" value="true" />
	
	<package name="admin" namespace="/admin" extends="struts-default">
		<!-- 通配符动态方法调用，页面名由页面名和方法名构成：actionname = name + method + .action -->
		<action name="person_*" class="com.kms.action.PersonFormAction" method="{1}" >
			<result name="list">/admin/list.jsp</result>
			<result name="add">/welcome.jsp</result>
			<result name="update">/welcome.jsp</result>
			<result name="delete">/welcome.jsp</result>
		</action>
	</package>
	
</struts>
